Metric,Value
Accuracy,0.9810127019882202
Precision,0.9810127019882202
Recall,0.9810127019882202
F1 Score,0.9810127019882202
Mean AUROC,0.997292697429657
AUROC_Class_F0,1.0
AUROC_Class_F1,0.9990046620368958
AUROC_Class_F2,0.998300313949585
AUROC_Class_F3,0.9891588687896729
AUROC_Class_F4,1.0
